{
  "designSystem.defs.ts": [],
  "designSystem.test.ts": [
    "./_100554_tsTestAST"
  ],
  "designSystem.ts": [
    "./_100554_designSystemBase"
  ],
  "page1.defs.ts": [],
  "page1.test.ts": [
    "./_100554_tsTestAST"
  ],
  "page1.ts": [
    "_100554_/l2/collabPageElement",
    "lit/decorators.js",
    "_100554_/l2/collabState"
  ],
  "project.defs.ts": [],
  "project.test.ts": [
    "./_100554_tsTestAST"
  ],
  "project.ts": [],
  "widget1.defs.ts": [],
  "widget1.test.ts": [
    "./_100554_tsTestAST"
  ],
  "widget1.ts": [
    "lit",
    "lit/decorators.js",
    "_100554_/l2/stateLitElement"
  ]
}