{
  "lastModified": "2025-10-31T10:39:55.807Z",
  "files": [
    {
      "shortPath": "l0/README.md",
      "versionRef": "2fdceb02bec8a4ee1d46f575706b5de597e3aeab",
      "Length": 14,
      "update_at": "2025-09-12T17:17:25.000Z"
    },
    {
      "shortPath": "l2/designSystem.defs.ts",
      "versionRef": "d8adf7b7c8afaf8271f8fe101186b8f5d24cf04b",
      "Length": 86,
      "update_at": "2025-10-31T10:39:09.000Z"
    },
    {
      "shortPath": "l2/designSystem.html",
      "versionRef": "407e94c1cf19a0a3117d9d391bd2a1dcb58b4471",
      "Length": 21,
      "update_at": "2025-10-31T10:39:09.000Z"
    },
    {
      "shortPath": "l2/designSystem.less",
      "versionRef": "0083bb1233d97c299989d47e45ee956cf1c854df",
      "Length": 144,
      "update_at": "2025-10-31T10:39:09.000Z"
    },
    {
      "shortPath": "l2/designSystem.test.ts",
      "versionRef": "fc96b8d13c4764dfaef0093cf52b9ffe4b32f5f3",
      "Length": 254,
      "update_at": "2025-10-31T10:39:09.000Z"
    },
    {
      "shortPath": "l2/designSystem.ts",
      "versionRef": "e5f609a44ff261883a82b5f0d52f4f98e9c1e39a",
      "Length": 16178,
      "update_at": "2025-10-31T10:39:09.000Z"
    },
    {
      "shortPath": "l2/page1.defs.ts",
      "versionRef": "1d7f02ca27db742434c5fc7d65e4284619ace9cb",
      "Length": 79,
      "update_at": "2025-10-31T10:39:09.000Z"
    },
    {
      "shortPath": "l2/page1.html",
      "versionRef": "b3f058f1848dbdbd60ded6aa33f10a5e4177fe2d",
      "Length": 29,
      "update_at": "2025-10-31T10:39:09.000Z"
    },
    {
      "shortPath": "l2/page1.less",
      "versionRef": "3c8453711101d1491a9af63121a977e2dd9a8d03",
      "Length": 129,
      "update_at": "2025-10-31T10:39:09.000Z"
    },
    {
      "shortPath": "l2/page1.test.ts",
      "versionRef": "01c7f4cb1b1ec49df05c6f69eb2594bd7ea1642d",
      "Length": 247,
      "update_at": "2025-10-31T10:39:09.000Z"
    },
    {
      "shortPath": "l2/page1.ts",
      "versionRef": "57ddb61cb462a8f9c8c1f2c378f2ae8325f28c9b",
      "Length": 408,
      "update_at": "2025-10-31T10:39:09.000Z"
    },
    {
      "shortPath": "l2/project.defs.ts",
      "versionRef": "25360ce65baeadd0fade72efeb23590aef2bcda7",
      "Length": 81,
      "update_at": "2025-10-31T10:39:09.000Z"
    },
    {
      "shortPath": "l2/project.html",
      "versionRef": "88a90cf32ef33346febb29387541246b1be9a2e0",
      "Length": 16,
      "update_at": "2025-10-31T10:39:09.000Z"
    },
    {
      "shortPath": "l2/project.less",
      "versionRef": "98e61d4fef534bcc3e9a7cbb62d0efc9c194f47f",
      "Length": 133,
      "update_at": "2025-10-31T10:39:09.000Z"
    },
    {
      "shortPath": "l2/project.test.ts",
      "versionRef": "c21262d1f328c2fc6f85ab48a93c2b22f70c2cf7",
      "Length": 249,
      "update_at": "2025-10-31T10:39:09.000Z"
    },
    {
      "shortPath": "l2/project.ts",
      "versionRef": "6aa54efa6f9fc4935bcb326e0397683281e459c0",
      "Length": 131,
      "update_at": "2025-10-31T10:39:09.000Z"
    },
    {
      "shortPath": "l2/widget1.defs.ts",
      "versionRef": "e940534ad3cf2c56f92e9979bbf4682e33b64294",
      "Length": 81,
      "update_at": "2025-10-31T10:39:09.000Z"
    },
    {
      "shortPath": "l2/widget1.html",
      "versionRef": "5b0ff2177f65c09e3f93c51ec6ec77c93ecf83e9",
      "Length": 33,
      "update_at": "2025-10-31T10:39:09.000Z"
    },
    {
      "shortPath": "l2/widget1.less",
      "versionRef": "bd4a29ec328893cbed4428bd89417dc4cb33f715",
      "Length": 140,
      "update_at": "2025-10-31T10:39:09.000Z"
    },
    {
      "shortPath": "l2/widget1.test.ts",
      "versionRef": "49e64c32ebd0bce5d7be0f07fe8789ea3d42474a",
      "Length": 249,
      "update_at": "2025-10-31T10:39:09.000Z"
    },
    {
      "shortPath": "l2/widget1.ts",
      "versionRef": "4e94cf1e1c329a410100fef4a9fef412150c11c0",
      "Length": 463,
      "update_at": "2025-10-31T10:39:09.000Z"
    },
    {
      "shortPath": "l5/project.json",
      "versionRef": "2e869618674790690e1ecfdb4669c4671dd7ba01",
      "Length": 384,
      "update_at": "2025-10-31T10:39:09.000Z"
    },
    {
      "shortPath": "l0/package.json",
      "versionRef": "e8a54c2e17f0b36aa45f9efddbb35ec9a539bfdf",
      "Length": 470,
      "update_at": "2025-09-12T17:17:27.000Z"
    },
    {
      "shortPath": "l0/tsconfig.json",
      "versionRef": "6a95f6e8d8e3042af5f58de9c691a455a7221647",
      "Length": 1191,
      "update_at": "2025-09-12T17:17:28.000Z"
    }
  ]
}