{
  "lastModified": "2025-11-13T19:35:58.073Z",
  "files": [
    {
      "shortPath": "l0/README.md",
      "versionRef": "2fdceb02bec8a4ee1d46f575706b5de597e3aeab",
      "Length": 14,
      "update_at": "2025-09-12T17:17:25.000Z"
    },
    {
      "shortPath": "l2/designSystem.defs.ts",
      "versionRef": "d8adf7b7c8afaf8271f8fe101186b8f5d24cf04b",
      "Length": 86,
      "update_at": "2025-10-31T10:39:09.000Z"
    },
    {
      "shortPath": "l2/designSystem.html",
      "versionRef": "407e94c1cf19a0a3117d9d391bd2a1dcb58b4471",
      "Length": 21,
      "update_at": "2025-10-31T10:39:09.000Z"
    },
    {
      "shortPath": "l2/designSystem.less",
      "versionRef": "0083bb1233d97c299989d47e45ee956cf1c854df",
      "Length": 144,
      "update_at": "2025-10-31T10:39:09.000Z"
    },
    {
      "shortPath": "l2/designSystem.test.ts",
      "versionRef": "fc96b8d13c4764dfaef0093cf52b9ffe4b32f5f3",
      "Length": 254,
      "update_at": "2025-10-31T10:39:09.000Z"
    },
    {
      "shortPath": "l2/designSystem.ts",
      "versionRef": "4e05e4c6093d334c42e74547d77285959acdbc36",
      "Length": 24459,
      "update_at": "2025-11-13T19:35:22.000Z"
    },
    {
      "shortPath": "l2/page1.defs.ts",
      "versionRef": "1d7f02ca27db742434c5fc7d65e4284619ace9cb",
      "Length": 79,
      "update_at": "2025-10-31T10:39:09.000Z"
    },
    {
      "shortPath": "l2/page1.html",
      "versionRef": "b3f058f1848dbdbd60ded6aa33f10a5e4177fe2d",
      "Length": 29,
      "update_at": "2025-10-31T10:39:09.000Z"
    },
    {
      "shortPath": "l2/page1.less",
      "versionRef": "3c8453711101d1491a9af63121a977e2dd9a8d03",
      "Length": 129,
      "update_at": "2025-10-31T10:39:09.000Z"
    },
    {
      "shortPath": "l2/page1.test.ts",
      "versionRef": "01c7f4cb1b1ec49df05c6f69eb2594bd7ea1642d",
      "Length": 247,
      "update_at": "2025-10-31T10:39:09.000Z"
    },
    {
      "shortPath": "l2/page1.ts",
      "versionRef": "57ddb61cb462a8f9c8c1f2c378f2ae8325f28c9b",
      "Length": 408,
      "update_at": "2025-10-31T10:39:09.000Z"
    },
    {
      "shortPath": "l2/petshop/adminPanel.defs.ts",
      "versionRef": "d5e4fceb248fe4f620099c98f4d294414335f58d",
      "Length": 2182,
      "update_at": "2025-11-13T19:35:22.000Z"
    },
    {
      "shortPath": "l2/petshop/adminPanel.html",
      "versionRef": "ce7602a8981a859084e4797852c02d0d495ad18d",
      "Length": 867,
      "update_at": "2025-11-13T19:35:22.000Z"
    },
    {
      "shortPath": "l2/petshop/adminPanel.less",
      "versionRef": "b2f1f4ce05f152e1c9d76033341f83a5e74a447c",
      "Length": 943,
      "update_at": "2025-11-13T19:35:22.000Z"
    },
    {
      "shortPath": "l2/petshop/adminPanel.test.ts",
      "versionRef": "4c478d1bb558f1134d33b204bce8a9750a8b56e9",
      "Length": 259,
      "update_at": "2025-11-13T19:35:22.000Z"
    },
    {
      "shortPath": "l2/petshop/adminPanel.ts",
      "versionRef": "47a934a7321df78a5c30c406367a033d5bab45a5",
      "Length": 441,
      "update_at": "2025-11-13T19:35:22.000Z"
    },
    {
      "shortPath": "l2/petshop/blogPage.defs.ts",
      "versionRef": "1e3dcddd63f7334b1d22acd2973f0d1291d4acb2",
      "Length": 2858,
      "update_at": "2025-11-13T19:35:22.000Z"
    },
    {
      "shortPath": "l2/petshop/blogPage.html",
      "versionRef": "93e597754402896edc24ed862394f05dd9234515",
      "Length": 664,
      "update_at": "2025-11-13T19:35:22.000Z"
    },
    {
      "shortPath": "l2/petshop/blogPage.less",
      "versionRef": "d3f08c9c9f43953251a8394c7d11cc7cd905883d",
      "Length": 549,
      "update_at": "2025-11-13T19:35:22.000Z"
    },
    {
      "shortPath": "l2/petshop/blogPage.test.ts",
      "versionRef": "74df04eed11eeb60fece2764870f15587bb45d7b",
      "Length": 257,
      "update_at": "2025-11-13T19:35:22.000Z"
    },
    {
      "shortPath": "l2/petshop/blogPage.ts",
      "versionRef": "42e56b3fb7ce2167efabd5d40021edf3bd2595ee",
      "Length": 435,
      "update_at": "2025-11-13T19:35:22.000Z"
    },
    {
      "shortPath": "l2/petshop/homePage.defs.ts",
      "versionRef": "e138983df097a02a7fe077345260fa6159500e58",
      "Length": 3593,
      "update_at": "2025-11-13T19:35:22.000Z"
    },
    {
      "shortPath": "l2/petshop/homePage.html",
      "versionRef": "d74c362f2c4ae6bbdf95971557c24cdaca63a43a",
      "Length": 800,
      "update_at": "2025-11-13T19:35:22.000Z"
    },
    {
      "shortPath": "l2/petshop/homePage.less",
      "versionRef": "b25fdba510ba0d567045eb92702d27666b2546dd",
      "Length": 381,
      "update_at": "2025-11-13T19:35:22.000Z"
    },
    {
      "shortPath": "l2/petshop/homePage.test.ts",
      "versionRef": "9e4660794b4ba0112ac46bc714c5157387f06a42",
      "Length": 257,
      "update_at": "2025-11-13T19:35:22.000Z"
    },
    {
      "shortPath": "l2/petshop/homePage.ts",
      "versionRef": "5707ac55c23d270ddacee84401ae9cf4daf93aad",
      "Length": 435,
      "update_at": "2025-11-13T19:35:22.000Z"
    },
    {
      "shortPath": "l2/petshop/loyaltyDashboard.defs.ts",
      "versionRef": "f04ca917d77ef99953b2169d8d6a2e52a26e8930",
      "Length": 2895,
      "update_at": "2025-11-13T19:35:22.000Z"
    },
    {
      "shortPath": "l2/petshop/loyaltyDashboard.html",
      "versionRef": "7d36b9c9bb548f066e0bc12b85b1607dc1a06dce",
      "Length": 881,
      "update_at": "2025-11-13T19:35:22.000Z"
    },
    {
      "shortPath": "l2/petshop/loyaltyDashboard.less",
      "versionRef": "7d1f441eed9cc88be8b897d85e51eb2edebd8d2e",
      "Length": 168,
      "update_at": "2025-11-13T19:35:22.000Z"
    },
    {
      "shortPath": "l2/petshop/loyaltyDashboard.test.ts",
      "versionRef": "30a8fe4d236be7cb99fbcff8a32ae08af3e31a2d",
      "Length": 265,
      "update_at": "2025-11-13T19:35:22.000Z"
    },
    {
      "shortPath": "l2/petshop/loyaltyDashboard.ts",
      "versionRef": "972703ce9b8b2f538e8bd1378769c4ec1a6893cf",
      "Length": 459,
      "update_at": "2025-11-13T19:35:22.000Z"
    },
    {
      "shortPath": "l2/petshop/module.defs.ts",
      "versionRef": "f1cb238059e228a6993efe35fe70a084ddcfe3e3",
      "Length": 87,
      "update_at": "2025-11-13T19:35:22.000Z"
    },
    {
      "shortPath": "l2/petshop/module.html",
      "versionRef": "6e54754ae6e62592cfb1ba96840c597443af8605",
      "Length": 15,
      "update_at": "2025-11-13T19:35:22.000Z"
    },
    {
      "shortPath": "l2/petshop/module.less",
      "versionRef": "ccde88bdc945deb0f977e4262bb49e5d358c743b",
      "Length": 147,
      "update_at": "2025-11-13T19:35:22.000Z"
    },
    {
      "shortPath": "l2/petshop/module.test.ts",
      "versionRef": "e11d2d07b30ef028b046b90dd6089df75b62d296",
      "Length": 255,
      "update_at": "2025-11-13T19:35:22.000Z"
    },
    {
      "shortPath": "l2/petshop/module.ts",
      "versionRef": "aa932d7f157f932bc9aa1ddca73a2e72680f17e7",
      "Length": 29443,
      "update_at": "2025-11-13T19:35:22.000Z"
    },
    {
      "shortPath": "l2/petshop/organismAdminMenu.defs.ts",
      "versionRef": "ce3747f17ee1ab14d6babf569491030344958e7d",
      "Length": 1057,
      "update_at": "2025-11-13T19:35:22.000Z"
    },
    {
      "shortPath": "l2/petshop/organismAdminMenu.html",
      "versionRef": "385bf8f45d3e635efe1dd5716b4a813dcf51e4b3",
      "Length": 75,
      "update_at": "2025-11-13T19:35:22.000Z"
    },
    {
      "shortPath": "l2/petshop/organismAdminMenu.less",
      "versionRef": "ad97793e0a755cb9131516cb95d28fb7af40d44a",
      "Length": 501,
      "update_at": "2025-11-13T19:35:22.000Z"
    },
    {
      "shortPath": "l2/petshop/organismAdminMenu.test.ts",
      "versionRef": "019e60bfa2462ac34deff0ef5e67f1600c4a0436",
      "Length": 266,
      "update_at": "2025-11-13T19:35:22.000Z"
    },
    {
      "shortPath": "l2/petshop/organismAdminMenu.ts",
      "versionRef": "a798e172413e72c764a96ce3f0080eadc0eee8d3",
      "Length": 2699,
      "update_at": "2025-11-13T19:35:22.000Z"
    },
    {
      "shortPath": "l2/petshop/organismBanner.defs.ts",
      "versionRef": "10c366d06743111dbb143508d1a67f74e153e70b",
      "Length": 1206,
      "update_at": "2025-11-13T19:35:22.000Z"
    },
    {
      "shortPath": "l2/petshop/organismBanner.html",
      "versionRef": "5671e29d95df65eb8f0db38ad9fb869484a5ba94",
      "Length": 67,
      "update_at": "2025-11-13T19:35:22.000Z"
    },
    {
      "shortPath": "l2/petshop/organismBanner.less",
      "versionRef": "e12f2ba84a279553a5b326d6edf98999eed00d9f",
      "Length": 1645,
      "update_at": "2025-11-13T19:35:22.000Z"
    },
    {
      "shortPath": "l2/petshop/organismBanner.test.ts",
      "versionRef": "d810c3ee79bbd774d759f9055de68b1ea77ad7a0",
      "Length": 261,
      "update_at": "2025-11-13T19:35:22.000Z"
    },
    {
      "shortPath": "l2/petshop/organismBanner.ts",
      "versionRef": "550e537a7c92740cb2bcd0988f80bd0634040826",
      "Length": 2780,
      "update_at": "2025-11-13T19:35:22.000Z"
    },
    {
      "shortPath": "l2/petshop/organismBlogList.defs.ts",
      "versionRef": "f9044d9252bc900b5c6139b170953018caf96708",
      "Length": 1029,
      "update_at": "2025-11-13T19:35:22.000Z"
    },
    {
      "shortPath": "l2/petshop/organismBlogList.html",
      "versionRef": "6f4e704bd54cf8e051dfbb55f14724eb8100a4e4",
      "Length": 73,
      "update_at": "2025-11-13T19:35:22.000Z"
    },
    {
      "shortPath": "l2/petshop/organismBlogList.less",
      "versionRef": "33b81587923be25b4d7534005c2c3f94a92664fd",
      "Length": 1437,
      "update_at": "2025-11-13T19:35:22.000Z"
    },
    {
      "shortPath": "l2/petshop/organismBlogList.test.ts",
      "versionRef": "e35e8cf36178c9cb17a932054efc944cdee79743",
      "Length": 265,
      "update_at": "2025-11-13T19:35:22.000Z"
    },
    {
      "shortPath": "l2/petshop/organismBlogList.ts",
      "versionRef": "c02d17af279282cca6aee500f8e43d4e34c4535a",
      "Length": 3777,
      "update_at": "2025-11-13T19:35:22.000Z"
    },
    {
      "shortPath": "l2/petshop/organismBlogPost.defs.ts",
      "versionRef": "a7d90ac5cdb2b6f31b59173f77c6ebc967f6485e",
      "Length": 1043,
      "update_at": "2025-11-13T19:35:22.000Z"
    },
    {
      "shortPath": "l2/petshop/organismBlogPost.html",
      "versionRef": "44ecaf9d077b89999ed1736e0196c3cf1b961df8",
      "Length": 73,
      "update_at": "2025-11-13T19:35:22.000Z"
    },
    {
      "shortPath": "l2/petshop/organismBlogPost.less",
      "versionRef": "809dda9ff08922a5c291f0188f29debacc24e56a",
      "Length": 2255,
      "update_at": "2025-11-13T19:35:22.000Z"
    },
    {
      "shortPath": "l2/petshop/organismBlogPost.test.ts",
      "versionRef": "b588a8109abaff4572fcddf21a2bdcbd987f3ffc",
      "Length": 265,
      "update_at": "2025-11-13T19:35:22.000Z"
    },
    {
      "shortPath": "l2/petshop/organismBlogPost.ts",
      "versionRef": "a31ef79c2fc656a511fa409feb5bae1cbdb4d504",
      "Length": 5899,
      "update_at": "2025-11-13T19:35:22.000Z"
    },
    {
      "shortPath": "l2/petshop/organismCalendar.defs.ts",
      "versionRef": "4b9a1a8b2d4e70aee50c917075381f0a63e9ca40",
      "Length": 1103,
      "update_at": "2025-11-13T19:35:22.000Z"
    },
    {
      "shortPath": "l2/petshop/organismCalendar.html",
      "versionRef": "ff1206378568589001c8fb9d5c5cf5ecda82e442",
      "Length": 71,
      "update_at": "2025-11-13T19:35:22.000Z"
    },
    {
      "shortPath": "l2/petshop/organismCalendar.less",
      "versionRef": "41441a100d1d9bd731444d6993d9a57e3cb3f08b",
      "Length": 1609,
      "update_at": "2025-11-13T19:35:22.000Z"
    },
    {
      "shortPath": "l2/petshop/organismCalendar.test.ts",
      "versionRef": "d19216a47399e893050c51defb736952c5e9ab3f",
      "Length": 265,
      "update_at": "2025-11-13T19:35:22.000Z"
    },
    {
      "shortPath": "l2/petshop/organismCalendar.ts",
      "versionRef": "0780ff49f640bd9d7dfeea1b91bc4e79d054027d",
      "Length": 2493,
      "update_at": "2025-11-13T19:35:22.000Z"
    },
    {
      "shortPath": "l2/petshop/organismConfirmation.defs.ts",
      "versionRef": "84f5d3f9e402ab7ff2bf7afd75bf9df33903269f",
      "Length": 1086,
      "update_at": "2025-11-13T19:35:22.000Z"
    },
    {
      "shortPath": "l2/petshop/organismConfirmation.html",
      "versionRef": "aaaed6e6f9c6d73fed3224ba5b41e67f8b71f63a",
      "Length": 79,
      "update_at": "2025-11-13T19:35:22.000Z"
    },
    {
      "shortPath": "l2/petshop/organismConfirmation.less",
      "versionRef": "d06771b4bcb8af3b4da486ef72ba591dbbb90a89",
      "Length": 1396,
      "update_at": "2025-11-13T19:35:22.000Z"
    },
    {
      "shortPath": "l2/petshop/organismConfirmation.test.ts",
      "versionRef": "4ac59a4621c1549f29e316b247d78bfc6d1f89f6",
      "Length": 269,
      "update_at": "2025-11-13T19:35:22.000Z"
    },
    {
      "shortPath": "l2/petshop/organismConfirmation.ts",
      "versionRef": "de735fe4cb17d1d3168e1a187d423436c2945cc8",
      "Length": 3985,
      "update_at": "2025-11-13T19:35:22.000Z"
    },
    {
      "shortPath": "l2/petshop/organismDashboardStats.defs.ts",
      "versionRef": "e63ae71b4d12d45477a6591dfdb7ff3e4a818291",
      "Length": 1056,
      "update_at": "2025-11-13T19:35:22.000Z"
    },
    {
      "shortPath": "l2/petshop/organismDashboardStats.html",
      "versionRef": "27ec559bfab51fa07d827a3f5bdbd13fdacadf2b",
      "Length": 85,
      "update_at": "2025-11-13T19:35:22.000Z"
    },
    {
      "shortPath": "l2/petshop/organismDashboardStats.less",
      "versionRef": "97a599fe4bd0e32a38c6a6f9593e7c255f794295",
      "Length": 769,
      "update_at": "2025-11-13T19:35:22.000Z"
    },
    {
      "shortPath": "l2/petshop/organismDashboardStats.test.ts",
      "versionRef": "f70ec7a06a632fea4d9a36afb408bc27007a4b84",
      "Length": 271,
      "update_at": "2025-11-13T19:35:22.000Z"
    },
    {
      "shortPath": "l2/petshop/organismDashboardStats.ts",
      "versionRef": "b30669fadeb16783497ed56b3496225e0d1894e3",
      "Length": 3227,
      "update_at": "2025-11-13T19:35:22.000Z"
    },
    {
      "shortPath": "l2/petshop/organismFilters.defs.ts",
      "versionRef": "538b3b763d182a9dc64c69eac9f5a4fd436288db",
      "Length": 1105,
      "update_at": "2025-11-13T19:35:22.000Z"
    },
    {
      "shortPath": "l2/petshop/organismFilters.html",
      "versionRef": "4ed8c02654605be16eb804f479283a87b03a2a5c",
      "Length": 69,
      "update_at": "2025-11-13T19:35:22.000Z"
    },
    {
      "shortPath": "l2/petshop/organismFilters.less",
      "versionRef": "80970068f80ce2e500a96910fa0450ca442e11b9",
      "Length": 1292,
      "update_at": "2025-11-13T19:35:22.000Z"
    },
    {
      "shortPath": "l2/petshop/organismFilters.test.ts",
      "versionRef": "c49ca5835f91e29226de99a54e863a4a10350f85",
      "Length": 264,
      "update_at": "2025-11-13T19:35:22.000Z"
    },
    {
      "shortPath": "l2/petshop/organismFilters.ts",
      "versionRef": "cb3865749950310b19cadfc75acddfeba30968c2",
      "Length": 4457,
      "update_at": "2025-11-13T19:35:22.000Z"
    },
    {
      "shortPath": "l2/petshop/organismFooter.defs.ts",
      "versionRef": "9a4917ded9359a75f5e31f14f87451adcc578969",
      "Length": 1079,
      "update_at": "2025-11-13T19:35:22.000Z"
    },
    {
      "shortPath": "l2/petshop/organismFooter.html",
      "versionRef": "fb81523fda2f4a9a4ef17bbdca5412a8d8ff18c7",
      "Length": 67,
      "update_at": "2025-11-13T19:35:22.000Z"
    },
    {
      "shortPath": "l2/petshop/organismFooter.less",
      "versionRef": "f4f8c62a0156925d393a81096883bfa849c2837c",
      "Length": 1471,
      "update_at": "2025-11-13T19:35:22.000Z"
    },
    {
      "shortPath": "l2/petshop/organismFooter.test.ts",
      "versionRef": "e1ac014e8c302bb6aa045be3a53201228703fd2e",
      "Length": 263,
      "update_at": "2025-11-13T19:35:22.000Z"
    },
    {
      "shortPath": "l2/petshop/organismFooter.ts",
      "versionRef": "7b33170253e801d5125d87534ae6571ce9c80807",
      "Length": 4080,
      "update_at": "2025-11-13T19:35:22.000Z"
    },
    {
      "shortPath": "l2/petshop/organismManageProducts.defs.ts",
      "versionRef": "39981bf78fd89a635b230fc76a08465dde32b577",
      "Length": 1047,
      "update_at": "2025-11-13T19:35:22.000Z"
    },
    {
      "shortPath": "l2/petshop/organismManageProducts.html",
      "versionRef": "605474194c173fa43a2d055c394bd926757c0fc9",
      "Length": 85,
      "update_at": "2025-11-13T19:35:22.000Z"
    },
    {
      "shortPath": "l2/petshop/organismManageProducts.less",
      "versionRef": "859859e0d64c0cb5f89ea8ec85f904ed33f32af2",
      "Length": 1200,
      "update_at": "2025-11-13T19:35:22.000Z"
    },
    {
      "shortPath": "l2/petshop/organismManageProducts.test.ts",
      "versionRef": "ea29b2dd509f2d3b50eb62001729834833b5e881",
      "Length": 271,
      "update_at": "2025-11-13T19:35:22.000Z"
    },
    {
      "shortPath": "l2/petshop/organismManageProducts.ts",
      "versionRef": "6802c5e4a2b488a73020fb2adaa63e5ba08f5e64",
      "Length": 4154,
      "update_at": "2025-11-13T19:35:22.000Z"
    },
    {
      "shortPath": "l2/petshop/organismNav.defs.ts",
      "versionRef": "83a2ce66932a9360bfc2776c2c46745413be87e9",
      "Length": 1339,
      "update_at": "2025-11-13T19:35:22.000Z"
    },
    {
      "shortPath": "l2/petshop/organismNav.html",
      "versionRef": "3db6b7634a4c750cdbe193764bfd4117d6d991de",
      "Length": 61,
      "update_at": "2025-11-13T19:35:22.000Z"
    },
    {
      "shortPath": "l2/petshop/organismNav.less",
      "versionRef": "89c8025a31711d6dcc841119266b9fa32a394de1",
      "Length": 1194,
      "update_at": "2025-11-13T19:35:22.000Z"
    },
    {
      "shortPath": "l2/petshop/organismNav.test.ts",
      "versionRef": "e90645188779c0a3260eaabe4224aa87eb2e439b",
      "Length": 260,
      "update_at": "2025-11-13T19:35:22.000Z"
    },
    {
      "shortPath": "l2/petshop/organismNav.ts",
      "versionRef": "87f3e04532422e660e233043a5ddc36431856351",
      "Length": 2596,
      "update_at": "2025-11-13T19:35:22.000Z"
    },
    {
      "shortPath": "l2/petshop/organismPointsBalance.defs.ts",
      "versionRef": "afe46dec368ab88f37734b51ea6ba6a85769a03c",
      "Length": 1039,
      "update_at": "2025-11-13T19:35:22.000Z"
    },
    {
      "shortPath": "l2/petshop/organismPointsBalance.html",
      "versionRef": "e0dca004a52afa1d83ddd2c2cb8b8dcb3d293250",
      "Length": 83,
      "update_at": "2025-11-13T19:35:22.000Z"
    },
    {
      "shortPath": "l2/petshop/organismPointsBalance.less",
      "versionRef": "a578b578dcccb5d90229e7ea5792058156e01c69",
      "Length": 602,
      "update_at": "2025-11-13T19:35:22.000Z"
    },
    {
      "shortPath": "l2/petshop/organismPointsBalance.test.ts",
      "versionRef": "d7775e08c4c7110406e2ea5f824b2827e2b4022a",
      "Length": 270,
      "update_at": "2025-11-13T19:35:22.000Z"
    },
    {
      "shortPath": "l2/petshop/organismPointsBalance.ts",
      "versionRef": "ac054b155024053ff34fdf07e3c641810dc29ed6",
      "Length": 2253,
      "update_at": "2025-11-13T19:35:22.000Z"
    },
    {
      "shortPath": "l2/petshop/organismProductCategories.defs.ts",
      "versionRef": "8c16ba336a790d1dce6e4e70d436915feb65632e",
      "Length": 1153,
      "update_at": "2025-11-13T19:35:22.000Z"
    },
    {
      "shortPath": "l2/petshop/organismProductCategories.html",
      "versionRef": "0674b6459315d1af2aa9038777377cf4e1abc15f",
      "Length": 91,
      "update_at": "2025-11-13T19:35:22.000Z"
    },
    {
      "shortPath": "l2/petshop/organismProductCategories.less",
      "versionRef": "2d118d4ac472282bafd6ad3f4633c56eaedb6ea1",
      "Length": 1445,
      "update_at": "2025-11-13T19:35:22.000Z"
    },
    {
      "shortPath": "l2/petshop/organismProductCategories.test.ts",
      "versionRef": "0a2297d326500b67b3829a3af92695f819c53abf",
      "Length": 274,
      "update_at": "2025-11-13T19:35:22.000Z"
    },
    {
      "shortPath": "l2/petshop/organismProductCategories.ts",
      "versionRef": "ac1cf773aaba16c3118d27e472db5bd47d7de227",
      "Length": 3812,
      "update_at": "2025-11-13T19:35:22.000Z"
    },
    {
      "shortPath": "l2/petshop/organismProductList.defs.ts",
      "versionRef": "e7f520a2e08270418efb37fe9d32850a09742ed4",
      "Length": 1109,
      "update_at": "2025-11-13T19:35:22.000Z"
    },
    {
      "shortPath": "l2/petshop/organismProductList.html",
      "versionRef": "963dbe344c547fe577cc6a86a5d5e3f2c6d8712b",
      "Length": 79,
      "update_at": "2025-11-13T19:35:22.000Z"
    },
    {
      "shortPath": "l2/petshop/organismProductList.less",
      "versionRef": "35958a23baa8973763f084d5e722a5f376d17eed",
      "Length": 1489,
      "update_at": "2025-11-13T19:35:22.000Z"
    },
    {
      "shortPath": "l2/petshop/organismProductList.test.ts",
      "versionRef": "575a2c5ef373d1019627cb9be98d09e88b5ad18c",
      "Length": 268,
      "update_at": "2025-11-13T19:35:22.000Z"
    },
    {
      "shortPath": "l2/petshop/organismProductList.ts",
      "versionRef": "9b04f0f5efe5ad8d64b0e5353200fb4b7d0a5737",
      "Length": 3846,
      "update_at": "2025-11-13T19:35:22.000Z"
    },
    {
      "shortPath": "l2/petshop/organismRedeemForm.defs.ts",
      "versionRef": "838b0e3e72d93924f7cb07f8117140c130ee32ce",
      "Length": 1086,
      "update_at": "2025-11-13T19:35:22.000Z"
    },
    {
      "shortPath": "l2/petshop/organismRedeemForm.html",
      "versionRef": "13142e2595e5a101fae1014d69141d690ecfe458",
      "Length": 77,
      "update_at": "2025-11-13T19:35:22.000Z"
    },
    {
      "shortPath": "l2/petshop/organismRedeemForm.less",
      "versionRef": "bcb0a0f09488fc999d975b6b54ba1de15a427f3b",
      "Length": 1522,
      "update_at": "2025-11-13T19:35:22.000Z"
    },
    {
      "shortPath": "l2/petshop/organismRedeemForm.test.ts",
      "versionRef": "f4f70c616e0bceabb673bea3744fb78f5384e72d",
      "Length": 267,
      "update_at": "2025-11-13T19:35:22.000Z"
    },
    {
      "shortPath": "l2/petshop/organismRedeemForm.ts",
      "versionRef": "7e2432bd58617570a1730dbbef334b023cf8f6c5",
      "Length": 4418,
      "update_at": "2025-11-13T19:35:22.000Z"
    },
    {
      "shortPath": "l2/petshop/organismRewardsList.defs.ts",
      "versionRef": "e6fda9e78e73283f20d48a7fa8da01c5f6598c58",
      "Length": 1044,
      "update_at": "2025-11-13T19:35:22.000Z"
    },
    {
      "shortPath": "l2/petshop/organismRewardsList.html",
      "versionRef": "c77cb6848d7cde5823372562de7bed79e4133387",
      "Length": 79,
      "update_at": "2025-11-13T19:35:22.000Z"
    },
    {
      "shortPath": "l2/petshop/organismRewardsList.less",
      "versionRef": "25aaf905d7051bc9114d749145b544b3a269c345",
      "Length": 1161,
      "update_at": "2025-11-13T19:35:22.000Z"
    },
    {
      "shortPath": "l2/petshop/organismRewardsList.test.ts",
      "versionRef": "b8f26480e742d01c0908b921c24b1f5902d819ac",
      "Length": 268,
      "update_at": "2025-11-13T19:35:22.000Z"
    },
    {
      "shortPath": "l2/petshop/organismRewardsList.ts",
      "versionRef": "0cf637994f73363460bb96cd8cdc465a4f7d111a",
      "Length": 3812,
      "update_at": "2025-11-13T19:35:22.000Z"
    },
    {
      "shortPath": "l2/petshop/organismServiceHighlights.defs.ts",
      "versionRef": "828e3e10b65d8aa20e05c8c3337c211ef6b62539",
      "Length": 1117,
      "update_at": "2025-11-13T19:35:22.000Z"
    },
    {
      "shortPath": "l2/petshop/organismServiceHighlights.html",
      "versionRef": "ef47e3c6b3911827f06429cf0a266e950006abbc",
      "Length": 91,
      "update_at": "2025-11-13T19:35:22.000Z"
    },
    {
      "shortPath": "l2/petshop/organismServiceHighlights.less",
      "versionRef": "3dc01ec9c773d96acd2ac78d60a419c37d60123f",
      "Length": 1662,
      "update_at": "2025-11-13T19:35:22.000Z"
    },
    {
      "shortPath": "l2/petshop/organismServiceHighlights.test.ts",
      "versionRef": "b23f9acf9d31847282700758179c59f0f7c942e7",
      "Length": 274,
      "update_at": "2025-11-13T19:35:22.000Z"
    },
    {
      "shortPath": "l2/petshop/organismServiceHighlights.ts",
      "versionRef": "deb703eaee82a5d410e4c57af58ff7bfd5b8a700",
      "Length": 3562,
      "update_at": "2025-11-13T19:35:22.000Z"
    },
    {
      "shortPath": "l2/petshop/organismServiceSelection.defs.ts",
      "versionRef": "bcb5fac7bb1d2964a93750e7a61415f465c4d61f",
      "Length": 1089,
      "update_at": "2025-11-13T19:35:22.000Z"
    },
    {
      "shortPath": "l2/petshop/organismServiceSelection.html",
      "versionRef": "e3da980832e9cd8b3d9725a6d88991075df8d0ee",
      "Length": 89,
      "update_at": "2025-11-13T19:35:22.000Z"
    },
    {
      "shortPath": "l2/petshop/organismServiceSelection.less",
      "versionRef": "7fc8040473f246c33de7c59dbf993beab3538a2d",
      "Length": 1692,
      "update_at": "2025-11-13T19:35:22.000Z"
    },
    {
      "shortPath": "l2/petshop/organismServiceSelection.test.ts",
      "versionRef": "ad26eb3bcfa2525e2644c3031b6b61aa7a05a22d",
      "Length": 273,
      "update_at": "2025-11-13T19:35:22.000Z"
    },
    {
      "shortPath": "l2/petshop/organismServiceSelection.ts",
      "versionRef": "11e43925e1d56bdd336a5e75a7685b778499c626",
      "Length": 4533,
      "update_at": "2025-11-13T19:35:22.000Z"
    },
    {
      "shortPath": "l2/petshop/productCatalog.defs.ts",
      "versionRef": "7df6765254faea28ce455f521a5effc27ad1e090",
      "Length": 2936,
      "update_at": "2025-11-13T19:35:22.000Z"
    },
    {
      "shortPath": "l2/petshop/productCatalog.html",
      "versionRef": "0c65429467d648fd47e911c14950962a2e0bc8c1",
      "Length": 770,
      "update_at": "2025-11-13T19:35:22.000Z"
    },
    {
      "shortPath": "l2/petshop/productCatalog.less",
      "versionRef": "1a72447b0c7b5edd89ea8fe534bf77b382cd95f8",
      "Length": 164,
      "update_at": "2025-11-13T19:35:22.000Z"
    },
    {
      "shortPath": "l2/petshop/productCatalog.test.ts",
      "versionRef": "dd7b8b2f51917483b1170b7cd47c197ebd082fe3",
      "Length": 263,
      "update_at": "2025-11-13T19:35:22.000Z"
    },
    {
      "shortPath": "l2/petshop/productCatalog.ts",
      "versionRef": "eb19c45a2a94db0c2e239abf71fd922eb018df7d",
      "Length": 453,
      "update_at": "2025-11-13T19:35:22.000Z"
    },
    {
      "shortPath": "l2/petshop/serviceScheduling.defs.ts",
      "versionRef": "451b5bd6d621f5e17b6321d6a5d53642da916223",
      "Length": 2897,
      "update_at": "2025-11-13T19:35:22.000Z"
    },
    {
      "shortPath": "l2/petshop/serviceScheduling.html",
      "versionRef": "b88663764cc0ee39643f511c41af9523e343213b",
      "Length": 893,
      "update_at": "2025-11-13T19:35:22.000Z"
    },
    {
      "shortPath": "l2/petshop/serviceScheduling.less",
      "versionRef": "b1af1a4653d3f40cd68ae12bb11053151648bcb7",
      "Length": 578,
      "update_at": "2025-11-13T19:35:22.000Z"
    },
    {
      "shortPath": "l2/petshop/serviceScheduling.test.ts",
      "versionRef": "99046f3deeb14e7380865ab42ae010590d030114",
      "Length": 266,
      "update_at": "2025-11-13T19:35:22.000Z"
    },
    {
      "shortPath": "l2/petshop/serviceScheduling.ts",
      "versionRef": "d541bac9d1ecbbd4226fe8de1420772b65cee972",
      "Length": 462,
      "update_at": "2025-11-13T19:35:22.000Z"
    },
    {
      "shortPath": "l2/project.defs.ts",
      "versionRef": "25360ce65baeadd0fade72efeb23590aef2bcda7",
      "Length": 81,
      "update_at": "2025-10-31T10:39:09.000Z"
    },
    {
      "shortPath": "l2/project.html",
      "versionRef": "88a90cf32ef33346febb29387541246b1be9a2e0",
      "Length": 16,
      "update_at": "2025-10-31T10:39:09.000Z"
    },
    {
      "shortPath": "l2/project.less",
      "versionRef": "98e61d4fef534bcc3e9a7cbb62d0efc9c194f47f",
      "Length": 133,
      "update_at": "2025-10-31T10:39:09.000Z"
    },
    {
      "shortPath": "l2/project.test.ts",
      "versionRef": "c21262d1f328c2fc6f85ab48a93c2b22f70c2cf7",
      "Length": 249,
      "update_at": "2025-10-31T10:39:09.000Z"
    },
    {
      "shortPath": "l2/project.ts",
      "versionRef": "5e6db164af57407863e7799f5712760b65a603eb",
      "Length": 1396,
      "update_at": "2025-11-13T19:35:22.000Z"
    },
    {
      "shortPath": "l2/widget1.defs.ts",
      "versionRef": "e940534ad3cf2c56f92e9979bbf4682e33b64294",
      "Length": 81,
      "update_at": "2025-10-31T10:39:09.000Z"
    },
    {
      "shortPath": "l2/widget1.html",
      "versionRef": "5b0ff2177f65c09e3f93c51ec6ec77c93ecf83e9",
      "Length": 33,
      "update_at": "2025-10-31T10:39:09.000Z"
    },
    {
      "shortPath": "l2/widget1.less",
      "versionRef": "bd4a29ec328893cbed4428bd89417dc4cb33f715",
      "Length": 140,
      "update_at": "2025-10-31T10:39:09.000Z"
    },
    {
      "shortPath": "l2/widget1.test.ts",
      "versionRef": "49e64c32ebd0bce5d7be0f07fe8789ea3d42474a",
      "Length": 249,
      "update_at": "2025-10-31T10:39:09.000Z"
    },
    {
      "shortPath": "l2/widget1.ts",
      "versionRef": "4e94cf1e1c329a410100fef4a9fef412150c11c0",
      "Length": 463,
      "update_at": "2025-10-31T10:39:09.000Z"
    },
    {
      "shortPath": "l5/project.json",
      "versionRef": "2e869618674790690e1ecfdb4669c4671dd7ba01",
      "Length": 384,
      "update_at": "2025-10-31T10:39:09.000Z"
    },
    {
      "shortPath": "l0/package.json",
      "versionRef": "e8a54c2e17f0b36aa45f9efddbb35ec9a539bfdf",
      "Length": 470,
      "update_at": "2025-09-12T17:17:27.000Z"
    },
    {
      "shortPath": "l0/tsconfig.json",
      "versionRef": "6a95f6e8d8e3042af5f58de9c691a455a7221647",
      "Length": 1191,
      "update_at": "2025-09-12T17:17:28.000Z"
    }
  ]
}